timestamp,lat,lon,speed,course
2023-06-19 11:00:11.000000 UTC,39.661036666666668,2.228135,0.40000000596046448,32.900001525878906
2023-06-19 11:04:19.000000 UTC,39.660893333333334,2.2269916666666667,1.1000000238418579,347.89999389648438
2023-06-19 11:05:11.000000 UTC,39.66097666666667,2.2269366666666666,1.2000000476837158,348.0
2023-06-19 11:12:52.000000 UTC,39.660556666666665,2.2259616666666666,1.3999999761581421,292.29998779296875
2023-06-19 11:15:51.000000 UTC,39.660176666666665,2.225125,0.5,334.89999389648438
2023-06-19 11:17:17.000000 UTC,39.66,2.2233333333333332,1.0,511.0
2023-06-19 11:20:20.000000 UTC,39.66115,2.2244966666666666,0.800000011920929,320.5
2023-06-19 11:23:16.000000 UTC,39.66,2.2233333333333332,1.0,511.0
2023-06-19 11:26:11.000000 UTC,39.661483333333337,2.2240733333333331,0.699999988079071,352.10000610351562
2023-06-19 11:29:19.000000 UTC,39.66,2.2233333333333332,1.0,511.0
2023-06-19 11:45:11.000000 UTC,39.662863333333334,2.2207216666666665,1.2000000476837158,291.5
2023-06-19 11:50:16.000000 UTC,39.663333333333334,2.22,1.0,511.0
2023-06-19 11:56:22.000000 UTC,39.664253333333335,2.219185,0.60000002384185791,324.10000610351562
2023-06-19 11:57:22.000000 UTC,39.66443,2.2188866666666667,0.5,349.29998779296875
2023-06-19 11:59:15.000000 UTC,39.663333333333334,2.2166666666666668,0.0,511.0
2023-06-19 12:00:50.000000 UTC,39.66428333333333,2.217745,1.6000000238418579,290.89999389648438
2023-06-19 12:05:16.000000 UTC,39.663333333333334,2.215,2.0,511.0
2023-06-19 12:11:17.000000 UTC,39.665,2.2133333333333334,0.0,511.0
2023-06-19 12:17:18.000000 UTC,39.665,2.2133333333333334,1.0,511.0
2023-06-19 12:20:18.000000 UTC,39.665,2.2133333333333334,0.0,511.0
2023-06-19 12:29:17.000000 UTC,39.665,2.21,0.0,511.0
2023-06-19 12:38:17.000000 UTC,39.665,2.21,1.0,511.0
2023-06-19 12:47:23.000000 UTC,39.666666666666664,2.2083333333333335,0.0,511.0
2023-06-19 12:50:17.000000 UTC,39.666666666666664,2.2083333333333335,1.0,511.0
2023-06-19 12:53:19.000000 UTC,39.666666666666664,2.2066666666666666,1.0,511.0
2023-06-19 12:56:19.000000 UTC,39.668333333333337,2.2066666666666666,1.0,511.0
2023-06-19 13:02:22.000000 UTC,39.668333333333337,2.2066666666666666,0.0,511.0
2023-06-19 13:05:19.000000 UTC,39.668333333333337,2.2066666666666666,1.0,511.0
2023-06-19 13:17:21.000000 UTC,39.666666666666664,2.205,0.0,511.0
2023-06-19 13:20:18.000000 UTC,39.665,2.2033333333333331,1.0,511.0
2023-06-19 13:23:21.000000 UTC,39.665,2.2033333333333331,1.0,511.0
2023-06-19 13:28:41.000000 UTC,39.666123333333331,2.2032266666666667,1.5,104.90000152587891
2023-06-19 13:32:18.000000 UTC,39.665,2.2016666666666667,1.0,511.0
2023-06-19 13:38:19.000000 UTC,39.665,2.2016666666666667,1.0,511.0
2023-06-19 13:50:20.000000 UTC,39.665,2.1966666666666668,0.0,511.0
2023-06-19 13:56:19.000000 UTC,39.665,2.1966666666666668,0.0,511.0
2023-06-19 14:02:18.000000 UTC,39.665,2.195,1.0,511.0
2023-06-19 14:05:17.000000 UTC,39.665,2.1966666666666668,0.0,511.0
2023-06-19 14:11:18.000000 UTC,39.665,2.195,1.0,511.0
2023-06-19 14:14:27.000000 UTC,39.666666666666664,2.195,1.0,511.0
2023-06-19 14:17:18.000000 UTC,39.665,2.1933333333333334,1.0,511.0
2023-06-19 14:26:17.000000 UTC,39.665,2.1933333333333334,0.0,511.0
2023-06-19 14:27:12.000000 UTC,39.666223333333335,2.193215,1.5,283.39999389648438
2023-06-19 14:30:40.000000 UTC,39.666443333333333,2.1926333333333332,1.7000000476837158,259.5
2023-06-19 14:32:24.000000 UTC,39.666666666666664,2.1916666666666669,1.0,511.0
2023-06-19 14:35:25.000000 UTC,39.665,2.1916666666666669,2.0,511.0
2023-06-19 14:38:19.000000 UTC,39.666666666666664,2.19,2.0,511.0
2023-06-19 14:47:30.000000 UTC,39.668433333333333,2.1902216666666665,0.60000002384185791,282.70001220703125
2023-06-19 14:53:21.000000 UTC,39.666666666666664,2.1883333333333335,0.0,511.0
2023-06-19 14:56:20.000000 UTC,39.666666666666664,2.1883333333333335,0.0,511.0
2023-06-19 15:08:26.000000 UTC,39.666666666666664,2.1866666666666665,0.0,511.0
2023-06-19 15:10:10.000000 UTC,39.667673333333333,2.18618,2.2000000476837158,274.29998779296875
2023-06-19 15:13:21.000000 UTC,39.66865,2.185925,2.0,275.10000610351562
2023-06-19 15:15:39.000000 UTC,39.668536666666668,2.1855516666666666,1.3999999761581421,258.0
2023-06-19 15:17:21.000000 UTC,39.668333333333337,2.185,1.0,511.0
2023-06-19 15:20:23.000000 UTC,39.668333333333337,2.1833333333333331,0.0,511.0
2023-06-19 15:23:19.000000 UTC,39.668333333333337,2.1816666666666666,1.0,511.0
2023-06-19 15:26:19.000000 UTC,39.668333333333337,2.1816666666666666,1.0,511.0
2023-06-19 15:27:30.000000 UTC,39.669746666666668,2.18153,0.699999988079071,325.5
2023-06-19 15:28:30.000000 UTC,39.669746666666668,2.1814166666666668,0.40000000596046448,202.30000305175781
2023-06-19 15:41:18.000000 UTC,39.668333333333337,2.1783333333333332,0.0,511.0
2023-06-19 15:43:40.000000 UTC,39.66878,2.1790433333333334,0.40000000596046448,331.89999389648438
2023-06-19 15:44:18.000000 UTC,39.668333333333337,2.1783333333333332,1.0,511.0
2023-06-19 15:47:17.000000 UTC,39.668333333333337,2.1783333333333332,2.0,511.0
2023-06-19 15:50:17.000000 UTC,39.668333333333337,2.1766666666666667,1.0,511.0
2023-06-19 15:58:50.000000 UTC,39.670903333333335,2.174245,1.1000000238418579,2.9000000953674316
2023-06-19 15:59:17.000000 UTC,39.67,2.1733333333333333,1.0,511.0
2023-06-19 16:05:19.000000 UTC,39.668333333333337,2.1733333333333333,2.0,511.0
2023-06-19 16:06:40.000000 UTC,39.66886,2.17309,2.5999999046325684,206.0
2023-06-19 16:13:59.000000 UTC,39.66675,2.1715883333333332,1.0,288.29998779296875
2023-06-19 16:16:58.000000 UTC,39.66688,2.170535,2.7999999523162842,260.70001220703125
2023-06-19 16:20:16.000000 UTC,39.666666666666664,2.1683333333333334,2.0,511.0
2023-06-19 16:23:19.000000 UTC,39.666666666666664,2.1683333333333334,0.0,511.0
2023-06-19 16:24:19.000000 UTC,39.667436666666667,2.16922,1.8999999761581421,333.70001220703125
2023-06-19 16:26:18.000000 UTC,39.666666666666664,2.1683333333333334,1.0,511.0
2023-06-19 16:29:10.000000 UTC,39.667953333333337,2.1682016666666666,3.5,348.29998779296875
2023-06-19 16:35:18.000000 UTC,39.668333333333337,2.165,2.0,511.0
2023-06-19 16:36:58.000000 UTC,39.669683333333332,2.1658683333333335,2.9000000953674316,262.10000610351562
2023-06-19 16:38:19.000000 UTC,39.668333333333337,2.165,1.0,511.0
2023-06-19 16:41:27.000000 UTC,39.669686666666664,2.1647133333333333,1.7999999523162842,258.5
2023-06-19 16:44:10.000000 UTC,39.670186666666666,2.1649916666666669,5.4000000953674316,84.5999984741211
2023-06-19 16:47:20.000000 UTC,39.669963333333335,2.166545,6.0,181.30000305175781
2023-06-19 16:56:23.000000 UTC,39.656666666666666,2.18,8.0,511.0
2023-06-19 16:58:21.000000 UTC,39.658343333333335,2.18768,9.3999996185302734,76.0
2023-06-19 16:59:20.000000 UTC,39.658376666666669,2.1909366666666665,9.5,91.300003051757812
2023-06-19 17:08:19.000000 UTC,39.66,2.2183333333333333,8.0,511.0
2023-06-19 17:11:19.000000 UTC,39.661666666666669,2.2283333333333335,9.0,511.0
2023-06-19 17:20:21.000000 UTC,39.666666666666664,2.2583333333333333,9.0,511.0
2023-06-19 17:26:21.000000 UTC,39.67,2.2783333333333333,9.0,511.0
2023-06-19 17:29:21.000000 UTC,39.671666666666667,2.2866666666666666,9.0,511.0
2023-06-19 17:32:21.000000 UTC,39.675,2.2966666666666669,9.0,511.0
2023-06-19 17:35:21.000000 UTC,39.676666666666669,2.3066666666666666,8.0,511.0
2023-06-19 17:41:20.000000 UTC,39.681666666666665,2.325,9.0,511.0
2023-06-19 17:44:20.000000 UTC,39.68333333333333,2.335,9.0,511.0
2023-06-19 17:47:20.000000 UTC,39.686666666666667,2.3433333333333333,9.0,511.0
2023-06-19 17:49:44.000000 UTC,39.688963333333334,2.3522716666666668,9.0,72.300003051757812
2023-06-19 17:50:23.000000 UTC,39.688333333333333,2.3533333333333335,7.0,511.0
2023-06-19 18:08:23.000000 UTC,39.701666666666668,2.4116666666666666,9.0,511.0
2023-06-19 18:11:21.000000 UTC,39.703333333333333,2.42,9.0,511.0
2023-06-19 18:14:21.000000 UTC,39.70706,2.43146,8.6000003814697266,60.0
2023-06-19 18:17:20.000000 UTC,39.71,2.4383333333333335,9.0,511.0
2023-06-19 18:20:22.000000 UTC,39.713333333333331,2.4483333333333333,9.0,511.0
2023-06-19 18:29:19.000000 UTC,39.725,2.475,9.0,511.0
2023-06-19 18:30:31.000000 UTC,39.727016666666664,2.4790666666666668,9.1999998092651367,52.0
2023-06-19 18:41:20.000000 UTC,39.74,2.51,9.0,511.0
2023-06-19 18:47:11.000000 UTC,39.747946666666664,2.5280866666666668,9.6000003814697266,66.0
2023-06-19 18:49:12.000000 UTC,39.75058,2.5339433333333332,9.0,58.700000762939453
2023-06-19 18:51:50.000000 UTC,39.753996666666666,2.5417833333333335,9.1000003814697266,58.900001525878906
2023-06-19 19:00:21.000000 UTC,39.76412333333333,2.5667516666666668,9.1999998092651367,63.400001525878906
2023-06-19 19:05:25.000000 UTC,39.77,2.58,9.0,511.0
2023-06-19 19:06:32.000000 UTC,39.77153,2.5848166666666668,8.6000003814697266,66.300003051757812
2023-06-19 19:08:00.000000 UTC,39.772826666666667,2.589365,9.6000003814697266,77.5
2023-06-19 19:11:11.000000 UTC,39.775776666666665,2.5991016666666669,8.6000003814697266,65.199996948242188
2023-06-19 19:12:20.000000 UTC,39.77714,2.602455,9.1000003814697266,63.200000762939453
2023-06-19 19:15:31.000000 UTC,39.7808,2.6118816666666667,9.1000003814697266,59.299999237060547
2023-06-19 19:17:31.000000 UTC,39.78297666666667,2.6178966666666668,9.1999998092651367,70.300003051757812
2023-06-19 19:21:01.000000 UTC,39.785893333333334,2.62892,9.3999996185302734,79.300003051757812
2023-06-19 19:23:51.000000 UTC,39.78834,2.63787,9.8000001907348633,70.199996948242188
2023-06-19 19:25:10.000000 UTC,39.789456666666666,2.6420516666666667,8.6000003814697266,72.699996948242188
2023-06-19 19:27:43.000000 UTC,39.79201,2.6498383333333333,8.5,66.5999984741211
2023-06-19 19:32:32.000000 UTC,39.79589,2.6653833333333332,9.8000001907348633,65.0
2023-06-19 19:35:26.000000 UTC,39.798333333333332,2.6733333333333333,8.0,511.0
2023-06-19 19:38:01.000000 UTC,39.79852,2.6827616666666665,8.8000001907348633,117.30000305175781
2023-06-19 19:39:30.000000 UTC,39.796526666666665,2.687035,9.1999998092651367,120.0
2023-06-19 19:40:51.000000 UTC,39.794983333333334,2.69105,8.1000003814697266,106.59999847412109
2023-06-19 19:42:11.000000 UTC,39.795233333333336,2.6941716666666666,5.3000001907348633,38.5
2023-06-20 03:46:09.000000 UTC,39.79858,2.6844533333333334,8.5,300.70001220703125
2023-06-20 03:47:19.000000 UTC,39.798333333333332,2.68,8.0,511.0
2023-06-20 03:48:58.000000 UTC,39.799576666666667,2.6762633333333334,7.4000000953674316,272.29998779296875
2023-06-20 03:50:19.000000 UTC,39.798333333333332,2.6716666666666669,8.0,511.0
2023-06-20 03:53:21.000000 UTC,39.796666666666667,2.6633333333333336,7.0,511.0
2023-06-20 03:55:38.000000 UTC,39.795223333333333,2.658315,8.0,219.69999694824219
2023-06-20 03:56:17.000000 UTC,39.793333333333337,2.6566666666666667,8.0,511.0
2023-06-20 03:57:20.000000 UTC,39.79456,2.6538666666666666,7.8000001907348633,232.69999694824219
2023-06-20 03:58:48.000000 UTC,39.794466666666665,2.64971,7.6999998092651367,290.79998779296875
2023-06-20 03:59:18.000000 UTC,39.793333333333337,2.6483333333333334,8.0,511.0
2023-06-20 04:00:39.000000 UTC,39.794773333333332,2.6445733333333332,8.1999998092651367,282.20001220703125
2023-06-20 04:03:18.000000 UTC,39.79417,2.636945,8.1999998092651367,263.29998779296875
2023-06-20 04:04:20.000000 UTC,39.79393,2.634075,7.6999998092651367,267.10000610351562
2023-06-20 04:05:08.000000 UTC,39.79376,2.6317316666666666,7.9000000953674316,260.89999389648438
2023-06-20 04:06:00.000000 UTC,39.793453333333332,2.6293316666666668,8.3999996185302734,261.10000610351562
2023-06-20 04:08:08.000000 UTC,39.79273666666667,2.62316,8.1000003814697266,260.0
2023-06-20 04:11:19.000000 UTC,39.791733333333333,2.6140583333333334,7.9000000953674316,257.60000610351562
2023-06-20 04:15:39.000000 UTC,39.790376666666667,2.6014766666666667,8.1999998092651367,263.60000610351562
2023-06-20 04:16:49.000000 UTC,39.790043333333337,2.5985683333333331,8.0,264.0
2023-06-20 04:17:50.000000 UTC,39.789653333333334,2.5950966666666666,8.0,262.79998779296875
2023-06-20 04:18:12.000000 UTC,39.789653333333334,2.5950966666666666,8.0,262.79998779296875
2023-06-20 04:20:50.000000 UTC,39.78871,2.5863483333333335,8.0,269.89999389648438
2023-06-20 04:21:50.000000 UTC,39.78846,2.5834166666666665,8.6999998092651367,263.29998779296875
2023-06-20 04:23:40.000000 UTC,39.78787,2.57817,8.1999998092651367,263.5
2023-06-20 04:26:21.000000 UTC,39.786666666666669,2.57,8.0,511.0
2023-06-20 04:27:48.000000 UTC,39.786523333333335,2.5660266666666667,8.6000003814697266,264.29998779296875
2023-06-20 04:30:49.000000 UTC,39.78538,2.5573533333333334,7.3000001907348633,260.10000610351562
2023-06-20 04:31:28.000000 UTC,39.78506,2.5555,7.5,255.30000305175781
2023-06-20 04:32:19.000000 UTC,39.784696666666669,2.5530666666666666,8.0,260.89999389648438
2023-06-20 04:44:21.000000 UTC,39.778333333333336,2.5166666666666666,6.0,511.0
2023-06-20 04:47:21.000000 UTC,39.78,2.5083333333333333,6.0,511.0
2023-06-20 04:53:22.000000 UTC,39.778333333333336,2.51,7.0,511.0
2023-06-20 04:56:21.000000 UTC,39.776666666666664,2.5016666666666665,7.0,511.0
2023-06-20 05:00:29.000000 UTC,39.774146666666667,2.49124,7.3000001907348633,249.89999389648438
2023-06-20 05:02:08.000000 UTC,39.77289,2.4868616666666665,7.8000001907348633,250.60000610351562
2023-06-20 05:06:40.000000 UTC,39.770693333333334,2.4747466666666669,7.5,258.60000610351562
2023-06-20 05:07:50.000000 UTC,39.769403333333337,2.4719883333333335,8.1999998092651367,250.60000610351562
2023-06-20 05:08:20.000000 UTC,39.768333333333331,2.47,7.0,511.0
2023-06-20 05:09:18.000000 UTC,39.767993333333337,2.4683266666666666,7.1999998092651367,232.80000305175781
2023-06-20 05:11:09.000000 UTC,39.76551666666667,2.4644366666666668,7.5,254.19999694824219
2023-06-20 05:12:50.000000 UTC,39.76407,2.4602683333333335,7.3000001907348633,254.5
2023-06-20 05:14:16.000000 UTC,39.761666666666663,2.455,8.0,511.0
2023-06-20 05:20:20.000000 UTC,39.758333333333333,2.44,7.0,511.0
2023-06-20 05:22:19.000000 UTC,39.757906666666663,2.43602,8.0,245.5
2023-06-20 05:23:20.000000 UTC,39.756666666666668,2.4333333333333331,7.0,511.0
2023-06-20 05:25:19.000000 UTC,39.755963333333334,2.4283816666666667,7.9000000953674316,254.5
2023-06-20 05:26:39.000000 UTC,39.75508,2.4249916666666667,7.5,249.0
2023-06-20 05:29:19.000000 UTC,39.753406666666663,2.4181433333333335,7.0999999046325684,249.89999389648438
2023-06-20 05:32:20.000000 UTC,39.75,2.41,7.0,511.0
2023-06-20 05:37:59.000000 UTC,39.746596666666669,2.3968416666666665,7.0999999046325684,244.89999389648438
2023-06-20 05:38:19.000000 UTC,39.745,2.395,8.0,511.0
2023-06-20 05:52:29.000000 UTC,39.728821666666668,2.36537,7.3000001907348633,227.0
2023-06-20 05:56:24.000000 UTC,39.723333333333336,2.3566666666666665,8.0,511.0
2023-06-20 06:05:22.000000 UTC,39.715,2.3366666666666664,7.0,511.0
2023-06-20 06:23:23.000000 UTC,39.693333333333335,2.2983333333333333,8.0,511.0
2023-06-20 06:42:07.000000 UTC,39.66996,2.2657933333333333,7.5,219.69999694824219
2023-06-20 06:44:28.000000 UTC,39.665,2.2616666666666667,8.0,511.0
2023-06-20 06:50:21.000000 UTC,39.656666666666666,2.25,7.0,511.0
2023-06-20 06:56:25.000000 UTC,39.646666666666668,2.24,7.0,511.0
2023-06-20 06:58:37.000000 UTC,39.645476666666667,2.2367983333333332,7.9000000953674316,290.10000610351562
2023-06-20 06:59:08.000000 UTC,39.645946666666667,2.23555,7.8000001907348633,293.70001220703125
2023-06-20 07:05:24.000000 UTC,39.641666666666666,2.225,7.0,511.0
2023-06-20 07:16:28.000000 UTC,39.643233333333335,2.20422,7.0,219.10000610351562
2023-06-20 07:26:21.000000 UTC,39.646666666666668,2.215,7.0,511.0
2023-06-20 07:38:24.000000 UTC,39.66,2.235,7.0,511.0
2023-06-20 07:47:23.000000 UTC,39.676666666666669,2.2366666666666668,8.0,511.0
2023-06-20 07:56:21.000000 UTC,39.688333333333333,2.225,7.0,511.0
2023-06-20 08:00:16.000000 UTC,39.69412,2.2351066666666668,8.6000003814697266,55.299999237060547
2023-06-20 08:08:25.000000 UTC,39.69,2.2466666666666666,7.0,511.0
2023-06-20 08:11:24.000000 UTC,39.68333333333333,2.2466666666666666,6.0,511.0
2023-06-20 08:14:24.000000 UTC,39.678333333333335,2.2466666666666666,8.0,511.0
2023-06-20 08:17:22.000000 UTC,39.671666666666667,2.245,7.0,511.0
2023-06-20 08:20:23.000000 UTC,39.665,2.245,6.0,511.0
2023-06-20 08:26:26.000000 UTC,39.653333333333336,2.2433333333333332,6.0,511.0
2023-06-20 08:35:24.000000 UTC,39.66,2.26,7.0,511.0
2023-06-20 08:41:21.000000 UTC,39.668333333333337,2.2716666666666665,7.0,511.0
2023-06-20 08:50:21.000000 UTC,39.68333333333333,2.29,8.0,511.0
2023-06-20 08:53:21.000000 UTC,39.688333333333333,2.295,8.0,511.0
2023-06-20 08:59:23.000000 UTC,39.7,2.3033333333333332,7.0,511.0
2023-06-20 09:00:56.000000 UTC,39.70333,2.3055283333333332,7.8000001907348633,23.200000762939453
2023-06-20 09:02:21.000000 UTC,39.705,2.3066666666666666,7.0,511.0
2023-06-20 09:08:25.000000 UTC,39.716666666666669,2.3133333333333335,7.0,511.0
2023-06-20 09:14:23.000000 UTC,39.726666666666667,2.3233333333333333,7.0,511.0
2023-06-20 09:17:21.000000 UTC,39.731666666666669,2.33,8.0,511.0
2023-06-20 09:20:21.000000 UTC,39.731666666666669,2.3383333333333334,7.0,511.0
2023-06-20 09:23:22.000000 UTC,39.733333333333334,2.3466666666666667,7.0,511.0
2023-06-20 09:29:21.000000 UTC,39.733333333333334,2.3633333333333333,7.0,511.0
2023-06-20 09:32:22.000000 UTC,39.736666666666665,2.37,7.0,511.0
2023-06-20 09:35:27.000000 UTC,39.736666666666665,2.3733333333333335,7.0,511.0
2023-06-20 09:38:20.000000 UTC,39.736666666666665,2.3816666666666668,7.0,511.0
2023-06-20 09:39:15.000000 UTC,39.738916666666668,2.38422,7.5999999046325684,55.599998474121094
2023-06-20 09:47:24.000000 UTC,39.748333333333335,2.4,7.0,511.0
2023-06-20 09:50:23.000000 UTC,39.75333333333333,2.4066666666666667,7.0,511.0
2023-06-20 09:53:20.000000 UTC,39.756666666666668,2.4116666666666666,7.0,511.0
2023-06-20 09:54:08.000000 UTC,39.759146666666666,2.4138316666666668,7.0,67.5999984741211
2023-06-20 09:55:48.000000 UTC,39.761763333333334,2.4151583333333333,7.5,30.700000762939453
2023-06-20 09:56:25.000000 UTC,39.761666666666663,2.415,7.0,511.0
2023-06-20 09:59:23.000000 UTC,39.763333333333335,2.4216666666666669,7.0,511.0
2023-06-20 10:02:22.000000 UTC,39.761666666666663,2.43,7.0,511.0
2023-06-20 10:08:25.000000 UTC,39.761666666666663,2.4433333333333334,6.0,511.0
2023-06-20 10:11:22.000000 UTC,39.761666666666663,2.4516666666666667,6.0,511.0
2023-06-20 10:12:30.000000 UTC,39.762736666666669,2.455065,6.6999998092651367,61.0
2023-06-20 10:17:21.000000 UTC,39.766666666666666,2.465,6.0,511.0
2023-06-20 10:23:48.000000 UTC,39.774243333333331,2.4796666666666667,6.8000001907348633,54.700000762939453
2023-06-20 10:26:25.000000 UTC,39.776666666666664,2.4833333333333334,7.0,511.0
2023-06-20 10:38:26.000000 UTC,39.781666666666666,2.51,6.0,511.0
2023-06-20 10:39:30.000000 UTC,39.78491,2.5123783333333334,7.1999998092651367,22.899999618530273
2023-06-20 10:40:30.000000 UTC,39.786743333333334,2.5131616666666665,6.5999999046325684,13.699999809265137
2023-06-20 10:41:59.000000 UTC,39.789426666666664,2.51458,7.0999999046325684,23.600000381469727
2023-06-20 10:43:10.000000 UTC,39.791576666666664,2.5149916666666665,7.3000001907348633,339.20001220703125
2023-06-20 10:44:23.000000 UTC,39.793333333333337,2.515,7.0,511.0
2023-06-20 10:47:25.000000 UTC,39.796666666666667,2.52,7.0,511.0
2023-06-20 10:51:50.000000 UTC,39.80222333333333,2.5283183333333334,7.0,24.600000381469727
2023-06-20 10:56:22.000000 UTC,39.807506666666669,2.5221466666666665,7.3000001907348633,289.10000610351562
2023-06-20 10:58:06.000000 UTC,39.80876,2.5174733333333332,7.4000000953674316,288.70001220703125
2023-06-20 10:59:08.000000 UTC,39.80945333333333,2.5149366666666668,7.5999999046325684,290.70001220703125
2023-06-20 11:00:29.000000 UTC,39.81039333333333,2.5115283333333331,7.8000001907348633,289.60000610351562
2023-06-20 11:02:29.000000 UTC,39.811666666666667,2.5066666666666668,7.0,511.0
2023-06-20 11:05:10.000000 UTC,39.813733333333332,2.4994783333333332,7.5999999046325684,291.60000610351562
2023-06-20 11:06:10.000000 UTC,39.81442666666667,2.4968883333333332,7.1999998092651367,287.89999389648438
2023-06-20 11:08:21.000000 UTC,39.815,2.49,7.0,511.0
2023-06-20 11:11:21.000000 UTC,39.81666666666667,2.4833333333333334,7.0,511.0
2023-06-20 11:14:21.000000 UTC,39.82,2.475,7.0,511.0
2023-06-20 11:17:23.000000 UTC,39.821666666666665,2.4666666666666668,7.0,511.0
2023-06-20 11:20:21.000000 UTC,39.828333333333333,2.465,6.0,511.0
2023-06-20 11:21:29.000000 UTC,39.83103,2.4655016666666665,7.3000001907348633,348.0
2023-06-20 11:22:58.000000 UTC,39.833976666666665,2.4644333333333335,7.0,344.60000610351562
2023-06-20 11:23:24.000000 UTC,39.833333333333336,2.4633333333333334,7.0,511.0
2023-06-20 11:24:08.000000 UTC,39.83621,2.46461,7.0999999046325684,29.0
2023-06-20 11:25:59.000000 UTC,39.83949333333333,2.466855,7.1999998092651367,22.899999618530273
2023-06-20 11:26:22.000000 UTC,39.84,2.4666666666666668,6.0,511.0
2023-06-20 11:29:08.000000 UTC,39.8429,2.473475,7.5999999046325684,63.400001525878906
2023-06-20 11:30:59.000000 UTC,39.844906666666667,2.4774833333333333,6.5999999046325684,61.200000762939453
2023-06-20 11:32:26.000000 UTC,39.845,2.48,7.0,511.0
2023-06-20 11:33:29.000000 UTC,39.846753333333332,2.483545,7.1999998092651367,76.0999984741211
2023-06-20 11:35:23.000000 UTC,39.846666666666664,2.4866666666666668,7.0,511.0
2023-06-20 11:36:00.000000 UTC,39.848243333333336,2.4898033333333331,7.1999998092651367,70.5999984741211
2023-06-20 11:37:29.000000 UTC,39.848966666666669,2.4935816666666666,7.3000001907348633,80.199996948242188
2023-06-20 11:38:22.000000 UTC,39.848333333333336,2.495,7.0,511.0
2023-06-20 11:41:23.000000 UTC,39.851666666666667,2.5016666666666665,7.0,511.0
2023-06-20 11:42:28.000000 UTC,39.853403333333333,2.5050966666666667,7.3000001907348633,54.5
2023-06-20 11:43:28.000000 UTC,39.85453,2.5072616666666665,7.0,58.799999237060547
2023-06-20 11:44:40.000000 UTC,39.855846666666665,2.5098233333333333,6.8000001907348633,53.799999237060547
2023-06-20 11:45:59.000000 UTC,39.85755,2.5124233333333335,7.0999999046325684,47.400001525878906
2023-06-20 11:47:18.000000 UTC,39.859256666666667,2.5151033333333332,6.9000000953674316,53.099998474121094
2023-06-20 11:48:19.000000 UTC,39.86038,2.51726,7.3000001907348633,56.5
2023-06-20 11:49:50.000000 UTC,39.86219333333333,2.5204116666666665,7.0,48.799999237060547
2023-06-20 11:51:19.000000 UTC,39.864006666666668,2.5234666666666667,7.1999998092651367,52.099998474121094
2023-06-20 11:52:29.000000 UTC,39.86548,2.5258483333333333,7.0999999046325684,52.099998474121094
2023-06-20 11:53:25.000000 UTC,39.865,2.5266666666666668,6.0,511.0
2023-06-20 11:54:48.000000 UTC,39.86754333333333,2.5311066666666666,6.3000001907348633,90.800003051757812
2023-06-20 11:56:50.000000 UTC,39.86736333333333,2.5315916666666665,1.1000000238418579,246.80000305175781
2023-06-20 11:58:50.000000 UTC,39.86683,2.5317283333333331,5.5,105.59999847412109
2023-06-20 11:59:50.000000 UTC,39.867313333333335,2.5341566666666666,7.0,80.5
2023-06-20 12:00:18.000000 UTC,39.86747,2.5353866666666667,7.3000001907348633,88.800003051757812
2023-06-20 12:02:00.000000 UTC,39.869313333333331,2.538785,7.0999999046325684,41.0
2023-06-20 12:03:09.000000 UTC,39.87102,2.5409116666666667,7.0999999046325684,48.099998474121094
2023-06-20 12:05:05.000000 UTC,39.87278,2.5446566666666666,7.0999999046325684,70.300003051757812
2023-06-20 12:06:00.000000 UTC,39.87308,2.5476083333333333,7.3000001907348633,98.4000015258789
2023-06-20 12:07:31.000000 UTC,39.873793333333332,2.5513033333333333,7.0999999046325684,48.200000762939453
2023-06-20 12:08:41.000000 UTC,39.875856666666664,2.5526966666666668,7.5999999046325684,16.5
2023-06-20 12:09:48.000000 UTC,39.87809,2.553765,7.1999998092651367,22.600000381469727
2023-06-20 12:10:48.000000 UTC,39.879866666666665,2.555085,7.5,34.700000762939453
2023-06-20 12:11:26.000000 UTC,39.88,2.555,7.0,511.0
2023-06-20 12:12:00.000000 UTC,39.881166666666665,2.5575816666666666,6.9000000953674316,70.0
2023-06-20 12:13:10.000000 UTC,39.882333333333335,2.5602633333333333,7.5999999046325684,62.5
2023-06-20 12:14:18.000000 UTC,39.88334,2.5629383333333333,7.0,62.0
2023-06-20 12:15:29.000000 UTC,39.884526666666666,2.56564,7.1999998092651367,57.700000762939453
2023-06-20 12:16:50.000000 UTC,39.885963333333336,2.5686383333333334,7.5,62.900001525878906
2023-06-20 12:18:10.000000 UTC,39.88733,2.571725,7.5,55.200000762939453
2023-06-20 12:19:48.000000 UTC,39.88906,2.5754666666666668,7.0999999046325684,57.799999237060547
2023-06-20 12:20:24.000000 UTC,39.888333333333335,2.5766666666666667,7.0,511.0
2023-06-20 12:21:19.000000 UTC,39.89062333333333,2.5788633333333335,7.0999999046325684,57.799999237060547
2023-06-20 12:22:59.000000 UTC,39.892303333333331,2.5826533333333335,6.4000000953674316,60.700000762939453
2023-06-20 12:23:25.000000 UTC,39.891666666666666,2.5833333333333335,7.0,511.0
2023-06-20 12:24:18.000000 UTC,39.892903333333336,2.58596,7.4000000953674316,92.5999984741211
2023-06-20 12:25:42.000000 UTC,39.892626666666665,2.5894183333333332,7.0999999046325684,90.4000015258789
2023-06-20 12:27:09.000000 UTC,39.89254,2.5933,7.5999999046325684,87.5
2023-06-20 12:28:28.000000 UTC,39.89279,2.5967783333333334,7.3000001907348633,90.800003051757812
2023-06-20 12:30:00.000000 UTC,39.892733333333332,2.6007566666666668,7.4000000953674316,91.300003051757812
2023-06-20 12:31:00.000000 UTC,39.892826666666664,2.6033766666666667,7.0999999046325684,85.300003051757812
2023-06-20 12:32:42.000000 UTC,39.89271,2.6077566666666665,7.3000001907348633,84.9000015258789
2023-06-20 12:33:50.000000 UTC,39.89283,2.6108216666666668,7.1999998092651367,87.300003051757812
2023-06-20 12:35:19.000000 UTC,39.89273,2.6147316666666667,7.0,94.199996948242188
2023-06-20 12:36:30.000000 UTC,39.89275,2.6178516666666667,7.1999998092651367,84.5
2023-06-20 12:37:40.000000 UTC,39.892893333333333,2.6209183333333335,7.4000000953674316,73.5
2023-06-20 12:38:07.000000 UTC,39.89336,2.6220266666666667,6.5999999046325684,55.5
2023-06-20 12:39:09.000000 UTC,39.8943,2.6243766666666666,6.8000001907348633,66.5
2023-06-20 12:40:19.000000 UTC,39.8954,2.62708,6.8000001907348633,59.599998474121094
2023-06-20 12:41:24.000000 UTC,39.895,2.6283333333333334,7.0,511.0
2023-06-20 12:42:49.000000 UTC,39.89811,2.6326783333333332,7.8000001907348633,56.5
2023-06-20 12:43:59.000000 UTC,39.899343333333334,2.635335,6.5,59.900001525878906
2023-06-20 12:44:24.000000 UTC,39.898333333333333,2.635,7.0,511.0
2023-06-20 12:45:19.000000 UTC,39.900693333333336,2.6382733333333332,7.0999999046325684,58.200000762939453
2023-06-20 12:46:29.000000 UTC,39.901893333333334,2.6409216666666668,6.9000000953674316,54.299999237060547
2023-06-20 12:47:40.000000 UTC,39.90320333333333,2.6434816666666667,6.8000001907348633,57.200000762939453
2023-06-20 12:48:49.000000 UTC,39.905413333333335,2.6437083333333335,7.4000000953674316,342.39999389648438
2023-06-20 12:49:59.000000 UTC,39.907776666666663,2.6434233333333332,7.6999998092651367,14.600000381469727
2023-06-20 12:50:25.000000 UTC,39.908333333333331,2.6433333333333335,7.0,511.0
2023-06-20 12:51:19.000000 UTC,39.91051,2.6436,7.0,7.5
2023-06-20 12:52:40.000000 UTC,39.913123333333331,2.6431666666666667,7.9000000953674316,326.5
2023-06-20 12:53:47.000000 UTC,39.91524,2.641425,7.8000001907348633,340.10000610351562
2023-06-20 12:55:10.000000 UTC,39.917053333333335,2.6436766666666665,7.0,52.400001525878906
2023-06-20 12:56:19.000000 UTC,39.91851,2.6460933333333334,7.8000001907348633,47.400001525878906
2023-06-20 12:57:40.000000 UTC,39.920033333333336,2.649025,7.0999999046325684,55.5
2023-06-20 12:58:49.000000 UTC,39.921436666666665,2.651315,7.4000000953674316,57.5
2023-06-20 12:59:00.000000 UTC,39.921633333333332,2.6517333333333335,7.0,57.799999237060547
2023-06-20 13:00:19.000000 UTC,39.923003333333334,2.6544733333333332,7.0,89.5
2023-06-20 13:01:40.000000 UTC,39.921216666666666,2.6546533333333335,7.9000000953674316,250.89999389648438
2023-06-20 13:02:25.000000 UTC,39.92,2.6516666666666668,7.0,511.0
2023-06-20 13:04:20.000000 UTC,39.923913333333331,2.6561733333333333,7.1999998092651367,55.299999237060547
2023-06-20 13:05:41.000000 UTC,39.92536,2.6588983333333331,6.4000000953674316,58.299999237060547
2023-06-20 13:06:47.000000 UTC,39.92593,2.6607683333333334,2.0999999046325684,80.0
2023-06-20 13:07:42.000000 UTC,39.925856666666668,2.661155,1.7999999523162842,152.30000305175781
2023-06-20 13:08:47.000000 UTC,39.92546,2.6612916666666666,0.5,170.0
2023-06-20 13:10:00.000000 UTC,39.925383333333336,2.661065,0.5,240.10000610351562
2023-06-20 13:11:23.000000 UTC,39.925,2.66,1.0,511.0
2023-06-20 13:12:00.000000 UTC,39.926133333333333,2.6608033333333334,1.8999999761581421,351.89999389648438
2023-06-20 13:14:29.000000 UTC,39.927146666666665,2.6607116666666668,0.699999988079071,161.30000305175781
2023-06-20 13:16:18.000000 UTC,39.926973333333336,2.661025,4.8000001907348633,53.200000762939453
2023-06-20 13:17:28.000000 UTC,39.928576666666665,2.66255,6.8000001907348633,62.799999237060547
2023-06-20 13:18:40.000000 UTC,39.928903333333331,2.66544,7.6999998092651367,74.800003051757812
2023-06-20 13:19:50.000000 UTC,39.929383333333334,2.6685683333333334,8.6000003814697266,54.5
2023-06-20 13:20:24.000000 UTC,39.93,2.6683333333333334,8.0,511.0
2023-06-20 13:21:08.000000 UTC,39.931063333333334,2.6719966666666668,8.6000003814697266,57.599998474121094
2023-06-20 13:22:19.000000 UTC,39.93237,2.6750883333333335,8.6999998092651367,52.5
2023-06-20 13:23:30.000000 UTC,39.93385,2.6782733333333333,8.6999998092651367,79.199996948242188
2023-06-20 13:24:17.000000 UTC,39.93449,2.680605,8.3000001907348633,79.0
2023-06-20 13:26:49.000000 UTC,39.932983333333333,2.6837766666666667,1.2999999523162842,216.69999694824219
2023-06-20 13:27:10.000000 UTC,39.93279,2.683675,3.5,196.30000305175781
2023-06-20 13:29:10.000000 UTC,39.932346666666668,2.683305,1.1000000238418579,208.30000305175781
2023-06-20 13:31:10.000000 UTC,39.932363333333335,2.6825566666666667,1.2000000476837158,311.5
2023-06-20 13:32:40.000000 UTC,39.93296,2.6819383333333335,0.800000011920929,351.20001220703125
2023-06-20 13:33:00.000000 UTC,39.933013333333335,2.6819083333333333,0.5,335.10000610351562
2023-06-20 13:34:20.000000 UTC,39.932833333333335,2.6824733333333333,3.2999999523162842,184.89999389648438
2023-06-20 13:35:27.000000 UTC,39.931666666666665,2.6816666666666666,1.0,511.0
2023-06-20 13:36:28.000000 UTC,39.932236666666668,2.6823283333333334,1.0,89.300003051757812
2023-06-20 13:38:25.000000 UTC,39.931666666666665,2.68,1.0,511.0
2023-06-20 13:39:37.000000 UTC,39.931893333333335,2.6813516666666666,0.60000002384185791,269.70001220703125
2023-06-20 13:40:37.000000 UTC,39.932016666666669,2.6809416666666666,4.5999999046325684,320.5
2023-06-20 13:41:24.000000 UTC,39.931666666666665,2.6816666666666666,7.0,511.0
2023-06-20 13:42:20.000000 UTC,39.93333,2.6842483333333331,7.0999999046325684,63.299999237060547
2023-06-20 13:43:30.000000 UTC,39.934526666666663,2.6867,6.6999998092651367,85.300003051757812
2023-06-20 13:44:41.000000 UTC,39.93283,2.6876966666666666,7.5,210.19999694824219
2023-06-20 13:45:50.000000 UTC,39.930533333333337,2.6865566666666667,7.5999999046325684,210.80000305175781
2023-06-20 13:47:09.000000 UTC,39.9281,2.68483,7.3000001907348633,207.19999694824219
2023-06-20 13:48:19.000000 UTC,39.926226666666665,2.6836733333333331,8.1000003814697266,136.10000610351562
2023-06-20 13:49:30.000000 UTC,39.92448,2.6855266666666666,8.8999996185302734,175.30000305175781
2023-06-20 13:50:42.000000 UTC,39.924073333333332,2.6883833333333333,8.5,46.700000762939453
2023-06-20 13:51:59.000000 UTC,39.926243333333332,2.6917033333333333,9.3999996185302734,57.200000762939453
2023-06-20 13:52:08.000000 UTC,39.926526666666668,2.69227,8.3999996185302734,58.599998474121094
2023-06-20 13:53:10.000000 UTC,39.92561666666667,2.6953583333333335,9.5,110.30000305175781
2023-06-20 13:54:29.000000 UTC,39.925293333333336,2.6992833333333333,7.5999999046325684,92.199996948242188
2023-06-20 13:55:39.000000 UTC,39.92476,2.7025866666666665,8.1999998092651367,103.90000152587891
2023-06-20 13:56:24.000000 UTC,39.923333333333332,2.7033333333333331,7.0,511.0
2023-06-20 13:57:29.000000 UTC,39.923353333333331,2.7059683333333333,1.7999999523162842,152.10000610351562
2023-06-20 13:58:42.000000 UTC,39.92310333333333,2.7060583333333335,0.699999988079071,132.19999694824219
2023-06-20 13:59:25.000000 UTC,39.921666666666667,2.705,0.0,511.0
2023-06-20 14:00:40.000000 UTC,39.922926666666669,2.7059866666666665,1.1000000238418579,115.40000152587891
2023-06-20 14:01:48.000000 UTC,39.92207,2.7067,4.4000000953674316,138.60000610351562
2023-06-20 14:02:24.000000 UTC,39.92,2.7066666666666666,2.0,511.0
2023-06-20 14:04:28.000000 UTC,39.9204,2.706065,1.5,208.89999389648438
2023-06-20 14:06:20.000000 UTC,39.920363333333334,2.7073666666666667,3.5999999046325684,80.4000015258789
2023-06-20 14:08:20.000000 UTC,39.920343333333335,2.7082233333333332,0.89999997615814209,112.5
2023-06-20 14:10:20.000000 UTC,39.91972,2.708525,0.89999997615814209,194.89999389648438
2023-06-20 14:12:28.000000 UTC,39.91923666666667,2.708275,1.0,204.69999694824219
2023-06-20 14:14:25.000000 UTC,39.918333333333337,2.7066666666666666,0.0,511.0
2023-06-20 14:16:29.000000 UTC,39.91937,2.7102716666666669,8.6999998092651367,68.199996948242188
2023-06-20 14:17:25.000000 UTC,39.92,2.7116666666666664,7.0,511.0
2023-06-20 14:19:00.000000 UTC,39.923636666666667,2.715295,9.1000003814697266,20.700000762939453
2023-06-20 14:20:39.000000 UTC,39.92742333333333,2.7170183333333333,8.5,35.400001525878906
2023-06-20 14:21:39.000000 UTC,39.929453333333335,2.7187383333333335,8.8000001907348633,47.900001525878906
2023-06-20 14:23:00.000000 UTC,39.9318,2.72159,8.5,67.199996948242188
2023-06-20 14:24:59.000000 UTC,39.935823333333332,2.7246483333333331,9.1000003814697266,21.0
2023-06-20 14:25:59.000000 UTC,39.938103333333331,2.7258016666666665,7.9000000953674316,26.100000381469727
2023-06-20 14:26:25.000000 UTC,39.938333333333333,2.725,8.0,511.0
2023-06-20 14:27:30.000000 UTC,39.93989,2.729355,9.1999998092651367,77.4000015258789
2023-06-20 14:28:09.000000 UTC,39.940313333333336,2.7313316666666667,8.6999998092651367,85.300003051757812
2023-06-20 14:32:24.000000 UTC,39.935,2.7316666666666665,9.0,511.0
2023-06-20 14:35:38.000000 UTC,39.927643333333336,2.731345,10.300000190734863,194.10000610351562
2023-06-20 14:37:09.000000 UTC,39.923833333333334,2.73058,9.1000003814697266,185.80000305175781
2023-06-20 14:41:09.000000 UTC,39.913613333333331,2.72926,8.6000003814697266,181.19999694824219
2023-06-20 14:42:29.000000 UTC,39.91016,2.7287783333333335,8.6999998092651367,184.69999694824219
2023-06-20 14:43:29.000000 UTC,39.907616666666669,2.728295,10.100000381469727,192.0
2023-06-20 14:44:27.000000 UTC,39.905,2.7266666666666666,8.0,511.0
2023-06-20 14:45:59.000000 UTC,39.90129,2.72722,10.0,189.39999389648438
2023-06-20 14:47:25.000000 UTC,39.896666666666668,2.725,9.0,511.0
2023-06-20 14:49:19.000000 UTC,39.893076666666666,2.725085,7.5999999046325684,194.10000610351562
2023-06-20 14:50:27.000000 UTC,39.89,2.7233333333333332,9.0,511.0
2023-06-20 14:52:18.000000 UTC,39.88575,2.7224166666666667,9.1000003814697266,188.39999389648438
2023-06-20 14:53:26.000000 UTC,39.881666666666668,2.72,9.0,511.0
2023-06-20 14:54:40.000000 UTC,39.87999,2.7204016666666666,10.5,196.69999694824219
2023-06-20 14:56:00.000000 UTC,39.876706666666664,2.71919,7.9000000953674316,194.10000610351562
2023-06-20 14:58:29.000000 UTC,39.870566666666669,2.7175083333333334,9.3000001907348633,196.89999389648438
2023-06-20 14:59:49.000000 UTC,39.867433333333331,2.71613,9.1000003814697266,195.39999389648438
2023-06-20 15:01:19.000000 UTC,39.86378,2.71483,8.1000003814697266,194.5
2023-06-20 15:03:00.000000 UTC,39.859626666666664,2.713555,8.6999998092651367,194.19999694824219
2023-06-20 15:04:30.000000 UTC,39.856023333333333,2.7123283333333332,8.3999996185302734,198.89999389648438
2023-06-20 15:05:23.000000 UTC,39.853333333333332,2.71,9.0,511.0
2023-06-20 15:06:39.000000 UTC,39.850856666666665,2.7104416666666666,8.8000001907348633,198.30000305175781
2023-06-20 15:07:59.000000 UTC,39.84766,2.70939,8.5,201.10000610351562
2023-06-20 15:09:10.000000 UTC,39.844913333333331,2.70805,8.3999996185302734,197.10000610351562
2023-06-20 15:10:39.000000 UTC,39.841383333333333,2.7067516666666664,8.1999998092651367,194.5
2023-06-20 15:12:39.000000 UTC,39.83656666666667,2.7051483333333333,8.5,200.5
2023-06-20 15:13:50.000000 UTC,39.83384,2.704,8.5,197.30000305175781
2023-06-20 15:16:20.000000 UTC,39.82775,2.701685,9.1000003814697266,202.0
2023-06-20 15:17:20.000000 UTC,39.82539666666667,2.7005533333333331,8.8000001907348633,194.89999389648438
2023-06-20 15:18:20.000000 UTC,39.82304666666667,2.6993316666666667,9.3000001907348633,205.10000610351562
2023-06-20 15:19:30.000000 UTC,39.820263333333337,2.6980083333333331,9.6999998092651367,197.80000305175781
2023-06-20 15:20:27.000000 UTC,39.81666666666667,2.6966666666666668,8.0,511.0
2023-06-20 15:22:09.000000 UTC,39.814116666666663,2.6945483333333335,9.3000001907348633,206.39999389648438
2023-06-20 15:23:09.000000 UTC,39.811796666666666,2.6932733333333334,10.199999809265137,206.19999694824219
2023-06-20 15:25:20.000000 UTC,39.806666666666665,2.6905633333333334,10.100000381469727,208.0
2023-06-20 15:26:50.000000 UTC,39.803063333333334,2.688805,8.1999998092651367,201.69999694824219
2023-06-20 15:28:28.000000 UTC,39.799113333333331,2.6872833333333332,9.6999998092651367,189.0
2023-06-20 15:29:59.000000 UTC,39.79581,2.6892166666666668,8.6999998092651367,136.89999389648438
2023-06-20 15:32:49.000000 UTC,39.79631,2.69397,6.0,320.70001220703125
2023-06-22 04:35:46.000000 UTC,39.796726666666665,2.692415,0.0,360.0
2023-06-22 04:36:50.000000 UTC,39.796666666666667,2.6916666666666669,0.0,511.0
2023-06-22 04:39:50.000000 UTC,39.795,2.6933333333333334,5.0,511.0
2023-06-22 04:45:48.000000 UTC,39.8,2.6816666666666666,7.0,511.0
2023-06-22 04:51:07.000000 UTC,39.80777333333333,2.6726533333333333,8.1999998092651367,313.39999389648438
2023-06-22 04:54:51.000000 UTC,39.811666666666667,2.665,8.0,511.0
2023-06-22 05:00:39.000000 UTC,39.82145666666667,2.6539516666666665,7.9000000953674316,309.0
2023-06-22 05:01:50.000000 UTC,39.82325,2.6517066666666667,7.8000001907348633,319.5
2023-06-22 05:05:29.000000 UTC,39.82855,2.6444066666666668,7.5999999046325684,315.20001220703125
2023-06-22 05:06:30.000000 UTC,39.830066666666667,2.6424883333333336,7.8000001907348633,318.79998779296875
2023-06-22 05:07:30.000000 UTC,39.83159,2.64055,7.8000001907348633,314.79998779296875
2023-06-22 05:09:38.000000 UTC,39.83468,2.6361483333333333,7.9000000953674316,320.60000610351562
2023-06-22 05:15:17.000000 UTC,39.842726666666664,2.6246933333333335,7.5,310.70001220703125
2023-06-22 05:18:52.000000 UTC,39.846666666666664,2.6166666666666667,7.0,511.0
2023-06-22 05:21:48.000000 UTC,39.851666666666667,2.61,7.0,511.0
2023-06-22 05:24:50.000000 UTC,39.855,2.605,7.0,511.0
2023-06-22 05:27:49.000000 UTC,39.86,2.5983333333333332,7.0,511.0
2023-06-22 05:31:39.000000 UTC,39.865423333333332,2.5910116666666667,7.4000000953674316,312.20001220703125
2023-06-22 05:33:00.000000 UTC,39.867226666666667,2.5883116666666668,7.6999998092651367,310.5
2023-06-22 05:36:45.000000 UTC,39.87166666666667,2.58,7.0,511.0
2023-06-22 05:42:52.000000 UTC,39.88,2.5683333333333334,7.0,511.0
2023-06-22 05:45:53.000000 UTC,39.885,2.5616666666666665,7.0,511.0
2023-06-22 05:51:49.000000 UTC,39.893333333333331,2.55,7.0,511.0
2023-06-22 06:00:49.000000 UTC,39.908333333333331,2.5433333333333334,8.0,511.0
2023-06-22 06:06:48.000000 UTC,39.916666666666664,2.555,8.0,511.0
2023-06-22 06:09:51.000000 UTC,39.923333333333332,2.56,7.0,511.0
2023-06-22 06:17:09.000000 UTC,39.93676,2.5721216666666669,8.1999998092651367,51.700000762939453
2023-06-22 06:21:49.000000 UTC,39.941656666666667,2.5827216666666666,8.1000003814697266,75.800003051757812
2023-06-22 06:29:10.000000 UTC,39.94278,2.6034483333333331,7.8000001907348633,95.699996948242188
2023-06-22 06:30:49.000000 UTC,39.94166666666667,2.6066666666666665,7.0,511.0
2023-06-22 06:40:49.000000 UTC,39.936726666666665,2.6349366666666665,7.9000000953674316,113.19999694824219
2023-06-22 06:44:10.000000 UTC,39.933563333333332,2.6435233333333334,7.5999999046325684,110.80000305175781
2023-06-22 06:45:00.000000 UTC,39.93292,2.6457116666666667,7.9000000953674316,113.30000305175781
2023-06-22 06:47:29.000000 UTC,39.92877,2.6499066666666669,7.3000001907348633,143.80000305175781
2023-06-22 06:58:10.000000 UTC,39.922456666666669,2.6762383333333335,7.5,82.0999984741211
2023-06-22 07:08:39.000000 UTC,39.92155,2.7042416666666669,7.5,115.30000305175781
2023-06-22 07:12:51.000000 UTC,39.92,2.715,7.0,511.0
2023-06-22 07:15:52.000000 UTC,39.921666666666667,2.7216666666666667,8.0,511.0
2023-06-22 07:18:51.000000 UTC,39.921666666666667,2.73,8.0,511.0
2023-06-22 07:23:39.000000 UTC,39.924146666666665,2.74398,7.6999998092651367,78.4000015258789
2023-06-22 07:27:51.000000 UTC,39.925,2.755,7.0,511.0
2023-06-22 07:30:51.000000 UTC,39.928353333333334,2.7628466666666665,7.3000001907348633,70.0
2023-06-22 07:39:51.000000 UTC,39.935,2.785,7.0,511.0
2023-06-22 07:42:50.000000 UTC,39.936666666666667,2.7916666666666665,7.0,511.0
2023-06-22 07:45:39.000000 UTC,39.940293333333337,2.8001816666666666,7.5999999046325684,69.4000015258789
2023-06-22 07:51:52.000000 UTC,39.945,2.815,7.0,511.0
2023-06-22 07:54:50.000000 UTC,39.946666666666665,2.8233333333333333,8.0,511.0
2023-06-22 07:59:42.000000 UTC,39.952246666666667,2.8362666666666665,7.8000001907348633,66.699996948242188
2023-06-22 08:00:49.000000 UTC,39.951666666666668,2.8383333333333334,7.0,511.0
2023-06-22 08:01:10.000000 UTC,39.951456666666665,2.8393033333333335,6.6999998092651367,198.89999389648438
2023-06-22 08:03:52.000000 UTC,39.946666666666665,2.835,7.0,511.0
2023-06-22 08:06:54.000000 UTC,39.94166666666667,2.83,6.0,511.0
2023-06-22 08:12:50.000000 UTC,39.935,2.82,6.0,511.0
2023-06-22 08:18:51.000000 UTC,39.93333333333333,2.805,6.0,511.0
2023-06-22 08:24:52.000000 UTC,39.93,2.79,6.0,511.0
2023-06-22 08:27:53.000000 UTC,39.926666666666669,2.7833333333333332,7.0,511.0
2023-06-22 08:36:49.000000 UTC,39.92,2.7633333333333332,7.0,511.0
2023-06-22 08:41:49.000000 UTC,39.91728333333333,2.7516516666666666,6.9000000953674316,236.80000305175781
2023-06-22 08:42:50.000000 UTC,39.915,2.7483333333333335,7.0,511.0
2023-06-22 08:48:51.000000 UTC,39.908333333333331,2.7366666666666668,7.0,511.0
2023-06-22 08:49:40.000000 UTC,39.908026666666665,2.7350383333333332,7.1999998092651367,232.39999389648438
2023-06-22 09:00:49.000000 UTC,39.896666666666668,2.7083333333333335,7.0,511.0
2023-06-22 09:06:51.000000 UTC,39.895,2.6933333333333334,7.0,511.0
2023-06-22 09:14:39.000000 UTC,39.90941,2.6902066666666666,7.5999999046325684,15.600000381469727
2023-06-22 09:15:53.000000 UTC,39.91,2.69,4.0,511.0
2023-06-22 09:18:52.000000 UTC,39.915,2.6916666666666669,7.0,511.0
2023-06-22 09:23:20.000000 UTC,39.92103,2.7040133333333332,7.3000001907348633,22.700000762939453
2023-06-22 09:24:50.000000 UTC,39.923333333333332,2.7033333333333331,7.0,511.0
2023-06-22 09:27:49.000000 UTC,39.928333333333335,2.7016666666666667,7.0,511.0
2023-06-22 09:30:50.000000 UTC,39.93333333333333,2.7066666666666666,7.0,511.0
2023-06-22 09:34:07.000000 UTC,39.93762,2.7153816666666666,7.1999998092651367,63.099998474121094
2023-06-22 09:36:54.000000 UTC,39.94,2.7216666666666667,7.0,511.0
2023-06-22 09:54:52.000000 UTC,39.936666666666667,2.6983333333333333,7.0,511.0
2023-06-22 09:57:48.000000 UTC,39.935613333333336,2.6922466666666667,6.5999999046325684,244.69999694824219
2023-06-22 10:00:50.000000 UTC,39.931666666666665,2.685,7.0,511.0
2023-06-22 10:03:51.000000 UTC,39.93,2.6783333333333332,6.0,511.0
2023-06-22 10:09:51.000000 UTC,39.925,2.6633333333333336,6.0,511.0
2023-06-22 10:12:30.000000 UTC,39.92355,2.6585116666666666,6.1999998092651367,240.0
2023-06-22 10:13:01.000000 UTC,39.921666666666667,2.6566666666666667,6.0,511.0
2023-06-22 10:15:52.000000 UTC,39.92,2.65,6.0,511.0
2023-06-22 10:17:05.000000 UTC,39.919496666666667,2.64834,7.1999998092651367,240.0
2023-06-22 10:23:11.000000 UTC,39.913901666666668,2.6344216666666669,6.8000001907348633,244.0
2023-06-22 10:24:56.000000 UTC,39.911666666666669,2.63,7.0,511.0
2023-06-22 10:36:51.000000 UTC,39.9,2.6033333333333335,7.0,511.0
2023-06-22 10:42:52.000000 UTC,39.893333333333331,2.5883333333333334,7.0,511.0
2023-06-22 10:45:19.000000 UTC,39.8923,2.5842183333333333,7.8000001907348633,242.60000610351562
2023-06-22 10:48:51.000000 UTC,39.888333333333335,2.575,7.0,511.0
2023-06-22 10:57:52.000000 UTC,39.876666666666665,2.5566666666666666,6.0,511.0
2023-06-22 11:00:54.000000 UTC,39.87166666666667,2.5516666666666667,7.0,511.0
2023-06-22 11:02:30.000000 UTC,39.870233333333331,2.5490716666666668,8.1999998092651367,217.5
2023-06-22 11:05:29.000000 UTC,39.86515,2.544165,7.6999998092651367,217.89999389648438
2023-06-22 11:06:59.000000 UTC,39.861666666666665,2.5416666666666665,7.0,511.0
2023-06-22 11:24:51.000000 UTC,39.841666666666669,2.5033333333333334,7.0,511.0
2023-06-22 11:29:17.000000 UTC,39.841316666666664,2.493295,7.4000000953674316,282.5
2023-06-22 11:33:52.000000 UTC,39.833333333333336,2.485,7.0,511.0
2023-06-22 11:39:52.000000 UTC,39.825,2.4733333333333332,7.0,511.0
2023-06-22 11:42:52.000000 UTC,39.821666666666665,2.4666666666666668,8.0,511.0
2023-06-22 11:48:52.000000 UTC,39.811666666666667,2.465,9.0,511.0